salon_id,salon_type,monthly_sales,social_tags,social_followers,check_ins,avg_income,urban_density,avg_review,future_sales_90p
salon_000,Other,0.0,44,1291,833,60540.70874260486,0.9679940665042344,3.5,0.0
salon_001,hair_salon,24438.742297966783,53,6413,807,62403.51156077477,0.7109524788367483,4.6,22369.411723752703
salon_002,Other,24471.661650543807,47,7038,251,68233.52516278965,0.1995069273383197,1.6,11840.402951741264
salon_003,Other,23774.98898622368,56,2781,260,80524.5274174549,0.7362471836984882,1.4,16596.80268887714
salon_004,hair_salon,18964.17054947713,38,9509,886,62511.94972219674,0.5298400231811167,2.0,23385.66373832898
salon_005,hair_salon,16882.6130250752,61,1640,14,55462.03335027844,0.7072300956444445,3.9,17704.145158442767
salon_006,Other,12459.233552262587,53,6272,128,39707.69144906012,0.7677795014428388,3.4,26133.029482196707
salon_007,barber_shop,25498.2348789241,42,5641,810,79613.03471963637,0.0872901795896754,1.4,24800.69530158917
salon_008,Other,19111.33939364673,54,9680,383,57367.5828742804,0.506103956359347,4.7,30204.22152833196
salon_009,Other,17948.083456568496,44,1465,74,65348.09290081267,0.932014342256934,4.2,27749.522956915425
salon_010,Other,0.0,44,8791,155,79059.07236926994,0.3206421921595143,1.1,0.0
salon_011,Other,15508.960302721607,55,9972,233,62276.02320930492,0.5938830975578988,3.6,26487.88260437149
salon_012,hair_salon,24173.977096152143,58,8802,248,58053.2973812252,0.3692304815098961,4.1,28030.61297379793
salon_013,Other,21482.806921644853,51,7594,186,74196.72977543744,0.4542679722190996,2.5,18955.376284552105
salon_014,barber_shop,14810.85061742259,47,4412,788,64607.37067563919,0.5486031179381532,1.3,20024.014010081188
salon_015,hair_salon,19620.981274859078,48,1424,862,65861.056047234,0.5489219798889773,1.3,21419.043775639537
salon_016,barber_shop,24864.81766877894,53,9447,291,44768.39129528239,0.2017304623302358,1.4,19146.816735013905
salon_017,barber_shop,23977.97731947971,50,3241,72,72059.15207242586,0.6845715478798333,4.4,28094.121670380904
salon_018,barber_shop,27477.171264417368,50,7519,226,63755.88067991645,0.0878681112426568,4.6,18236.136749936173
salon_019,barber_shop,21690.9062599666,55,3586,863,46284.10620276876,0.1388247734420203,1.5,29509.908828398948
salon_020,hair_salon,36861.48126813336,47,1910,836,64850.94111613275,0.0027108994143296,1.9,19798.160806717704
salon_021,hair_salon,15398.04597466312,63,6688,804,39374.7432608825,0.1166960641416813,1.7,24834.37985703615
salon_022,barber_shop,0.0,59,3023,698,83419.75202512996,0.4731662010518922,1.7,0.0
salon_023,barber_shop,19695.67956262627,48,5401,470,48981.45200018239,0.6061018810558386,4.3,16144.12115025
salon_024,hair_salon,12906.247707042983,46,4286,938,76117.92765718437,0.7942894499664624,2.3,21880.661623055257
salon_025,hair_salon,25212.458086697105,51,9005,619,51870.44451881347,0.106699250113436,2.2,24001.861188703584
salon_026,hair_salon,24517.66245312921,54,6077,114,65602.25710970719,0.8507274600164547,1.9,21614.24387733701
salon_027,Other,20095.00165531075,39,4368,108,50878.71743390501,0.7459745255487181,3.4,13943.760648962296
salon_028,Other,17327.917731632475,50,4848,520,69971.1522189782,0.4085182929359169,2.5,32208.57546115703
salon_029,Other,12524.73064592832,55,4949,394,57646.81258092748,0.9329380670999546,4.0,22526.196897170412
salon_030,barber_shop,16053.7083565104,54,9535,414,64677.7954620771,0.9909294764573906,1.8,17234.18454901887
salon_031,Other,23718.556418856133,45,3809,832,60150.64381578995,0.2050018100532372,4.2,31724.608140803648
salon_032,barber_shop,18939.192891441868,62,9373,527,46343.35213516344,0.3792285849638004,3.4,25704.338858321957
salon_033,barber_shop,17865.656029801386,50,6719,485,65041.06859690535,0.9264494235897112,1.5,14798.980021590343
salon_034,Other,22507.241657624025,53,8747,986,54967.62514334252,0.7215965507512772,2.7,15733.03152160073
salon_035,barber_shop,25790.93326466014,46,9186,718,70453.12793007611,0.0480946439640876,4.5,20665.631680672945
salon_036,Other,21285.584350281395,39,9676,872,57641.40191849323,0.7815144817514149,4.7,23783.841873098936
salon_037,Other,21572.564479315857,51,3172,654,59232.36090971668,0.8279408871774919,2.9,25736.79898878353
salon_038,hair_salon,26859.310667748883,52,6630,879,76829.26464372937,0.7505019247653135,2.9,27701.070877171405
salon_039,Other,0.0,47,604,780,83816.3679450795,0.7995371309195156,4.7,0.0
salon_040,hair_salon,18453.557267777112,50,1314,446,67860.33955712082,0.8251326766927972,3.3,30080.47587184597
salon_041,Other,23365.62751386988,44,1631,32,57128.59902576615,0.1864049867881441,1.1,22760.758958082817
salon_042,Other,18716.84908653723,38,7676,574,56253.38671643856,0.2356917460649997,4.7,17442.163717130665
salon_043,hair_salon,18160.871379336197,51,923,686,51813.2301468142,0.6337585637201772,2.0,21979.89478204616
salon_044,hair_salon,0.0,53,1028,723,53747.61816446444,0.907866130462516,3.3,0.0
salon_045,Other,0.0,46,5129,467,57263.90256496031,0.3161965822964946,1.7,0.0
salon_046,barber_shop,6724.11976218265,45,233,92,79642.529669949,0.5883066757950567,1.1,18631.79884542605
salon_047,hair_salon,21727.589719443837,38,2205,154,58027.78329146476,0.6829820634171324,2.2,23885.222397702702
salon_048,barber_shop,18022.41774209853,54,3727,94,47739.46995801898,0.4519486012990392,4.1,19454.706608729284
salon_049,barber_shop,18554.31571765029,42,6416,87,60416.65267125383,0.713782454855326,2.1,18122.743829062005
salon_050,barber_shop,22264.681632667547,44,1952,466,61781.28425761065,0.8996674452921731,1.9,27468.257174827384
salon_051,hair_salon,19169.695458244674,55,5010,887,60356.35459850456,0.6241015441818376,1.9,16500.725051347363
salon_052,barber_shop,21074.694150473773,55,4275,10,67996.91222585208,0.539781061914633,3.1,26269.735902824938
salon_053,hair_salon,0.0,52,5448,60,60690.05511359034,0.438744675388339,4.9,0.0
salon_054,barber_shop,15284.715957663688,44,9542,694,67687.27492147329,0.5774862709061257,2.8,38564.571614357104
salon_055,Other,27019.793693296466,56,6290,726,52196.56645942285,0.3553624518183959,3.2,20705.88683859245
salon_056,Other,19907.2459774418,40,1356,781,77807.29438145223,0.3914821102015019,4.4,20060.40826422366
salon_057,hair_salon,11632.476890048883,54,3476,455,62524.79788343585,0.531857479688174,3.1,28858.395417339518
salon_058,Other,14637.340827821712,39,5745,458,64002.18970407038,0.0666191123908169,1.7,19487.770955161308
salon_059,Other,15037.069102984047,49,3586,890,52154.881061866974,0.2290253909247963,2.2,30729.566849954
salon_060,barber_shop,20511.73841274833,49,3684,497,64718.26991266396,0.5428493106134089,2.2,24229.56298291916
salon_061,hair_salon,17836.953597259933,52,9688,809,66510.65056670304,0.4315281431364426,2.6,21289.612596722625
salon_062,barber_shop,16704.08848781761,33,8153,43,48302.315661749104,0.3328157859124843,2.7,20649.96457977775
salon_063,barber_shop,20019.68652215701,53,3430,357,43409.08411612344,0.7305491368093014,4.2,29245.55302258157
salon_064,barber_shop,22388.77049716764,59,2803,104,62936.660236094656,0.6937176074033384,2.4,23382.92328762102
salon_065,barber_shop,18704.856776305547,42,8762,81,55112.301765444674,0.1667307599933831,2.9,24593.85238714462
salon_066,barber_shop,17126.453961933003,53,8220,560,62599.214691357294,0.8786291153734382,3.5,25246.01123562177
salon_067,barber_shop,17892.50889830058,51,7214,163,47089.63929101885,0.4954236264039656,2.5,22797.617111336145
salon_068,barber_shop,21699.10482093322,53,1453,259,44394.94085617329,0.7414609111390454,4.3,25119.2333580999
salon_069,hair_salon,19963.099250277133,51,5163,683,62066.89463001077,0.5731508492573887,3.3,21290.059463914055
salon_070,Other,0.0,48,8649,447,56502.16239043148,0.9976926159238432,2.2,0.0
salon_071,barber_shop,14251.037112528207,61,7675,127,38893.00478849822,0.7524031200388227,3.9,15285.310431839747
salon_072,barber_shop,16123.31947021528,37,767,780,73430.9881810773,0.706980461243459,3.1,23786.561505510384
salon_073,barber_shop,23865.704279446243,54,4568,900,46923.42931816242,0.7785719390507511,3.1,11682.75395972668
salon_074,barber_shop,15990.86078325153,46,9437,315,85733.24952110433,0.1431279855484696,2.9,23701.34842366548
salon_075,barber_shop,26920.07859466339,45,6919,277,53759.83271111421,0.2045445931694632,3.0,20316.303903011118
salon_076,barber_shop,27026.02652939094,54,3819,970,64015.60568125999,0.7140640822236142,4.1,24247.51065670587
salon_077,Other,26961.628767459515,60,2845,63,76469.49010387185,0.4939814871308626,1.4,15707.029995509944
salon_078,Other,15596.795907351154,57,7583,245,74794.33927828824,0.7546352918601166,2.3,9283.855791768146
salon_079,barber_shop,20384.474742922856,42,639,398,79861.36406226883,0.102916030744145,1.3,19894.808158158765
salon_080,Other,0.0,48,5064,999,44769.23761119647,0.5364813514845947,4.0,0.0
salon_081,hair_salon,24615.813041709764,56,4935,743,48641.34502492753,0.3788215655569157,2.1,11316.659900737106
salon_082,barber_shop,28533.024768392308,63,3875,772,62259.9727409403,0.4570002192816783,4.6,26607.89961816742
salon_083,hair_salon,0.0,48,6142,834,68397.47437897715,0.6039578720725125,3.1,0.0
salon_084,hair_salon,20045.72172870069,56,7202,410,59887.72556620362,0.5022883474625301,4.2,17218.2913853527
salon_085,barber_shop,18172.303515837288,61,7412,633,43620.05964286611,0.5398606371128367,4.9,21545.37503667128
salon_086,Other,23245.43366314553,58,5420,776,64965.78158964799,0.4863574819956078,4.4,20153.286299921125
salon_087,hair_salon,13885.632316623463,60,6232,312,58057.48611765965,0.4089551770854932,4.5,18046.609468142786
salon_088,barber_shop,22681.680161910328,39,7991,928,57937.61041044133,0.7718819805982451,2.6,25982.423283328128
salon_089,hair_salon,15426.545343693611,51,2879,216,37220.49582189442,0.0122030723180445,3.2,28060.84876257171
salon_090,hair_salon,23102.741079808675,49,1024,238,67974.84204478314,0.598442701205227,2.0,16788.356864406374
salon_091,hair_salon,19195.313115684683,46,1681,862,61452.04060285458,0.5655083473229738,1.8,22268.60120256942
salon_092,hair_salon,18058.67800511693,56,7814,919,77951.64556638963,0.7161790747329522,3.0,29707.19820360337
salon_093,Other,15572.438130855757,57,3424,587,59254.92353468827,0.5990293647773265,3.4,26134.217219289832
salon_094,hair_salon,18216.27487115903,50,5813,84,65663.40130519023,0.8267988278090783,2.4,27026.18463040293
salon_095,hair_salon,22780.608992669822,51,7126,444,68318.18176105263,0.9590747945640278,3.3,30207.911844654485
salon_096,hair_salon,25219.30305459329,60,355,112,42538.38441338809,0.3425242571785434,4.5,30129.0710342395
salon_097,Other,22632.24080667348,40,4904,431,86166.99946601593,0.227350983029987,3.2,28171.855781818394
salon_098,hair_salon,26819.43262208553,56,1938,713,55692.07612077383,0.4235968624204829,3.9,22869.624488687085
salon_099,hair_salon,32695.81358134666,39,109,773,64945.66602142485,0.2879296164757261,4.2,19705.10189525145
